date,FRT,MSN,MWG,PNJ,REE,TCB,VNINDEX
2020-01-02,11.982,46.122,37.731,59.972,25.945,23.8,966.67
2020-01-03,12.478,46.527,37.183,59.561,25.629,23.65,965.14
2020-01-06,12.092,45.798,36.99,58.874,25.594,23.05,955.79
2020-01-07,12.037,45.96,37.28,59.629,25.735,23.2,958.88
2020-01-08,11.708,45.313,36.377,58.394,25.068,22.75,948.98
2020-01-09,11.323,46.122,36.925,59.149,25.068,23.05,960.15
2020-01-10,10.829,45.717,37.119,60.727,25.068,23.15,968.54
2020-01-13,10.911,46.122,36.925,61.07,25.103,22.95,965.84
2020-01-14,10.608,45.798,36.732,61.002,25.138,22.9,967.0
2020-01-15,9.893,45.717,36.764,61.756,24.963,22.9,967.56
2020-01-16,9.921,45.475,37.215,61.688,25.559,23.3,974.31
2020-01-17,10.113,44.505,37.441,62.237,25.629,23.4,978.96
2020-01-20,10.113,43.937,38.247,63.129,25.805,23.35,978.63
2020-01-21,10.059,44.1,38.699,62.443,26.191,24.05,986.37
2020-01-22,10.059,43.209,38.441,62.648,25.98,24.2,991.46
2020-01-30,9.426,40.539,36.764,60.178,25.138,22.9,959.58
2020-01-31,9.426,40.539,35.732,57.845,23.804,21.6,936.62
2020-02-03,9.234,40.458,35.087,56.816,23.523,21.45,928.14
2020-02-04,9.069,40.458,34.797,57.639,23.452,21.75,929.09
2020-02-05,9.619,40.458,34.829,56.747,23.383,21.75,925.91
2020-02-06,10.251,40.376,35.313,57.571,23.874,22.35,938.54
2020-02-07,10.388,40.376,35.055,56.679,23.804,22.15,940.75
2020-02-10,10.113,40.376,34.12,55.924,23.558,21.85,930.73
2020-02-11,10.004,40.376,34.345,55.924,24.049,22.15,934.67
2020-02-12,9.948,40.863,35.152,56.61,24.4,22.65,937.68
2020-02-13,10.553,40.619,34.829,56.61,24.436,22.6,938.24
2020-02-14,10.636,40.297,34.539,56.747,24.681,23.3,937.45
2020-02-17,10.526,40.215,34.668,56.541,24.576,23.8,934.77
2020-02-18,10.416,40.215,35.119,57.433,24.646,23.7,927.93
2020-02-19,10.388,40.782,35.635,58.669,24.681,23.65,928.76
2020-02-20,10.992,41.348,35.668,58.531,25.032,23.5,938.13
2020-02-21,11.762,42.886,35.668,57.502,24.576,23.1,933.09
2020-02-24,12.257,41.348,34.249,55.718,23.628,21.5,903.34
2020-02-25,11.928,40.944,34.507,56.953,24.049,22.2,909.67
2020-02-26,12.202,40.256,34.249,56.953,23.944,22.35,895.97
2020-02-27,12.422,40.215,34.958,57.296,24.295,22.75,898.44
2020-02-28,11.57,39.648,34.345,56.061,23.944,22.25,882.19
2020-03-02,10.773,39.648,34.345,55.992,23.907,22.5,884.43
2020-03-03,10.883,39.648,34.313,56.267,23.871,22.5,890.61
2020-03-04,10.718,39.648,34.184,56.404,23.871,22.55,889.37
2020-03-05,10.883,41.186,34.023,56.061,23.724,22.3,893.31
2020-03-06,11.597,44.018,33.249,55.375,23.575,22.05,891.44
2020-03-09,10.801,42.077,30.927,51.532,22.029,20.55,835.49
2020-03-10,10.443,42.4,30.282,50.572,22.324,20.7,837.5
2020-03-11,9.729,40.418,28.186,47.072,21.992,19.3,811.35
2020-03-12,9.069,40.418,26.219,43.778,20.63,17.95,769.25
2020-03-13,8.575,40.336,25.477,42.269,20.776,18.25,761.78
2020-03-16,8.245,40.053,24.509,39.318,20.666,17.45,747.86
2020-03-17,8.135,40.053,24.929,39.112,22.029,17.95,745.78
2020-03-18,8.465,39.973,25.412,39.387,22.324,17.95,747.66
2020-03-19,7.997,39.81,24.38,37.328,21.955,17.25,725.94
2020-03-20,7.805,39.81,24.896,37.74,21.955,17.35,709.73
2020-03-23,7.283,39.81,23.155,35.133,20.444,16.15,666.59
2020-03-24,6.981,39.73,22.187,35.27,20.776,16.1,659.21
2020-03-25,7.035,39.73,23.542,37.671,21.512,16.6,690.25
2020-03-26,6.568,39.648,21.929,36.917,20.887,16.1,694.21
2020-03-27,6.128,39.893,20.414,35.613,20.63,16.0,696.06
2020-03-30,5.771,39.73,19.188,33.143,20.186,14.9,662.26
2020-03-31,6.128,39.648,18.995,32.182,20.113,15.0,662.53
2020-04-01,6.541,39.81,19.736,34.074,20.85,15.5,680.23
2020-04-03,6.981,42.319,21.091,36.388,21.255,15.85,701.8
2020-04-06,7.448,45.231,22.542,38.912,22.25,16.95,736.75
2020-04-07,7.942,46.527,24.058,39.964,22.102,16.95,746.69
2020-04-08,8.245,47.661,23.864,39.403,21.955,16.7,748.02
2020-04-09,8.712,48.064,23.542,40.665,21.992,16.9,760.33
2020-04-10,8.245,48.713,23.123,40.384,22.36,16.75,757.94
2020-04-13,8.245,47.011,24.187,40.384,22.397,17.2,765.79
2020-04-14,7.942,49.358,24.122,40.314,22.434,17.15,767.41
2020-04-15,8.492,49.279,24.767,41.506,22.839,17.55,777.22
2020-04-16,9.069,49.197,24.8,41.366,22.691,17.55,780.7
2020-04-17,9.702,49.035,26.444,41.857,22.839,17.75,789.6
2020-04-20,10.361,48.064,27.186,42.207,22.729,17.7,794.97
2020-04-21,10.388,45.798,25.606,40.595,21.586,16.85,766.84
2020-04-22,11.103,47.094,26.444,41.226,21.697,16.9,768.92
2020-04-23,11.873,47.094,26.928,41.646,21.735,16.95,773.91
2020-04-24,12.697,48.146,26.767,41.716,22.544,17.1,776.66
2020-04-27,12.478,47.336,26.509,40.665,22.47,17.05,770.77
2020-04-28,11.625,48.307,26.09,40.104,22.36,17.1,767.21
2020-04-29,11.68,47.578,26.348,39.893,22.102,17.2,769.11
2020-05-04,10.883,46.365,25.606,39.613,21.808,17.4,762.47
2020-05-05,10.883,45.637,25.574,39.262,22.102,17.4,764.16
2020-05-06,10.992,46.931,26.186,39.613,22.397,17.55,782.59
2020-05-07,11.46,47.578,26.638,40.314,22.544,17.7,796.54
2020-05-08,11.268,49.358,27.025,40.805,22.544,18.9,813.73
2020-05-11,11.186,51.058,27.412,41.857,22.618,20.2,828.33
2020-05-12,11.186,50.168,26.864,44.731,23.06,20.6,835.32
2020-05-13,11.955,50.087,27.057,45.502,23.575,20.6,834.21
2020-05-14,12.367,51.706,26.767,44.591,23.539,20.5,832.4
2020-05-15,11.873,50.249,26.477,43.469,23.134,20.25,827.03
2020-05-18,11.955,50.572,27.573,44.521,23.097,20.65,837.01
2020-05-19,12.037,50.976,28.121,45.082,23.17,21.3,845.92
2020-05-20,12.862,51.624,27.895,44.871,23.134,21.05,852.91
2020-05-21,13.741,51.624,28.057,44.871,23.429,22.0,862.73
2020-05-22,13.741,50.168,27.412,44.311,22.986,21.05,852.74
2020-05-25,14.703,50.006,27.766,44.871,22.986,21.05,859.04
2020-05-26,15.005,50.572,27.895,45.012,23.944,21.15,869.13
2020-05-27,13.961,50.572,27.347,44.17,23.244,20.9,857.48
2020-05-28,13.686,50.816,27.315,43.96,23.17,20.9,861.39
2020-05-29,14.401,50.735,27.283,44.24,23.024,20.7,864.47
2020-06-01,14.566,51.058,27.734,44.801,23.355,21.3,878.67
2020-06-02,14.044,51.706,27.508,44.311,23.318,21.15,874.8
2020-06-03,14.401,51.787,27.541,44.451,23.355,21.35,881.17
2020-06-04,14.127,51.382,27.573,44.661,23.575,21.2,883.9
2020-06-05,15.088,50.976,27.766,44.661,23.575,21.45,886.22
2020-06-08,15.39,51.302,29.056,46.344,23.686,21.7,899.92
2020-06-09,15.06,50.976,28.605,45.923,23.539,21.55,899.43
2020-06-10,15.253,50.896,28.831,45.573,23.539,21.85,900.0
2020-06-11,14.209,47.336,26.831,42.418,22.47,20.9,867.37
2020-06-12,14.127,47.336,27.734,41.716,22.691,21.15,863.52
2020-06-15,13.164,45.637,26.606,40.104,22.286,20.1,832.47
2020-06-16,13.411,46.608,27.218,41.226,22.618,20.6,856.13
2020-06-17,13.274,46.527,27.025,40.875,22.581,20.3,854.44
2020-06-18,13.082,46.122,27.025,40.805,22.765,20.2,855.27
2020-06-19,13.741,46.122,27.25,41.436,23.134,20.5,868.56
2020-06-22,14.016,47.174,27.702,41.436,23.024,20.75,869.05
2020-06-23,13.824,47.255,27.508,41.927,23.097,20.65,868.2
2020-06-24,13.246,46.284,27.412,42.347,23.097,20.5,859.71
2020-06-25,13.191,45.879,26.96,41.787,22.913,20.2,854.59
2020-06-26,13.027,45.637,27.154,41.787,22.986,20.35,851.98
2020-06-29,12.257,44.585,26.283,40.314,22.618,19.65,829.36
2020-06-30,12.092,43.775,26.057,40.244,22.581,19.55,825.11
2020-07-01,12.917,44.908,26.444,41.085,22.729,19.8,843.49
2020-07-02,13.0,46.284,26.38,41.156,22.802,19.75,842.38
2020-07-03,12.889,46.284,26.348,41.085,23.391,19.8,847.61
2020-07-06,13.329,46.608,26.928,41.716,23.539,20.25,861.16
2020-07-07,13.191,46.122,26.993,41.646,23.465,20.25,863.42
2020-07-08,13.302,46.122,26.96,41.506,23.575,20.1,864.5
2020-07-09,13.466,46.445,27.089,42.488,23.649,20.95,876.46
2020-07-10,13.302,46.041,26.735,41.997,23.575,20.45,871.21
2020-07-13,13.357,45.798,26.702,41.576,24.238,20.3,868.72
2020-07-14,13.357,45.313,26.735,41.576,24.238,20.1,868.11
2020-07-15,13.961,45.071,27.283,42.207,24.35,20.6,869.91
2020-07-16,14.181,46.122,27.347,42.418,24.386,21.0,876.83
2020-07-17,14.127,45.475,27.089,42.347,24.055,20.6,872.02
2020-07-20,13.439,44.505,26.864,41.646,23.871,20.5,861.4
2020-07-21,13.631,44.262,26.993,41.646,24.055,20.5,861.69
2020-07-22,13.686,43.856,26.831,41.085,23.833,20.25,855.08
2020-07-23,13.577,43.614,26.767,41.366,24.754,20.3,856.75
2020-07-24,12.641,42.077,25.541,39.262,23.944,19.5,829.16
2020-07-27,11.762,40.053,23.768,36.528,23.355,18.15,785.17
2020-07-28,12.339,40.863,24.509,37.86,23.797,18.75,813.36
2020-07-29,11.488,39.932,23.542,36.107,23.575,18.15,790.84
2020-07-30,11.68,40.297,23.961,36.107,23.907,18.6,801.13
2020-07-31,11.213,40.863,24.026,36.178,23.907,18.15,798.39
2020-08-03,11.542,42.563,24.509,37.019,24.828,18.6,814.65
2020-08-04,11.817,43.695,24.832,37.51,24.828,18.85,827.57
2020-08-05,12.01,44.505,25.541,38.491,25.124,19.45,837.8
2020-08-06,11.817,43.614,25.574,38.982,25.159,19.2,840.04
2020-08-07,11.873,43.775,25.348,38.702,25.491,19.15,841.46
2020-08-10,12.532,44.1,25.477,38.772,25.455,19.4,843.2
2020-08-11,12.478,44.18,25.638,38.631,25.418,19.45,843.08
2020-08-12,12.367,43.856,25.735,38.281,25.455,19.65,846.92
2020-08-13,12.505,44.018,26.509,39.262,26.007,19.8,855.05
2020-08-14,12.586,43.209,26.799,39.613,26.007,19.8,850.74
2020-08-17,12.45,42.886,26.509,39.192,25.787,20.1,850.15
2020-08-18,12.614,42.4,26.251,38.772,25.971,20.05,846.43
2020-08-19,12.697,42.642,26.38,38.982,26.007,20.2,851.21
2020-08-20,12.641,42.077,26.348,38.982,26.007,20.0,848.21
2020-08-21,12.724,42.563,26.444,39.473,26.228,20.35,854.78
2020-08-24,13.549,43.371,27.121,41.085,26.486,20.95,868.68
2020-08-25,13.466,43.371,28.25,41.857,27.149,21.3,874.12
2020-08-26,13.411,43.29,28.153,41.366,26.854,21.1,873.47
2020-08-27,13.554,43.371,28.669,41.226,27.076,21.15,874.71
2020-08-28,13.812,44.1,29.927,42.628,27.149,21.6,878.98
2020-08-31,13.641,44.505,30.121,42.067,27.186,21.3,881.65
2020-09-01,13.727,44.18,30.25,42.768,27.26,21.7,891.73
2020-09-03,13.641,44.827,30.572,43.049,27.627,22.0,903.97
2020-09-04,13.411,45.556,30.346,42.488,27.481,21.85,901.54
2020-09-07,13.183,44.18,29.121,41.296,26.965,21.2,888.25
2020-09-08,13.383,44.341,30.024,41.927,27.038,21.5,890.14
2020-09-09,13.469,44.505,30.121,41.716,27.37,21.2,889.32
2020-09-10,14.013,44.341,30.282,41.927,28.732,21.45,888.82
2020-09-11,13.812,44.505,30.121,41.716,28.512,21.3,888.97
2020-09-14,14.385,44.989,29.992,42.067,28.954,21.5,894.57
2020-09-15,14.214,44.827,29.959,41.997,28.696,21.35,896.26
2020-09-16,14.385,44.422,30.508,42.558,28.732,21.4,897.47
2020-09-17,14.272,43.695,30.379,41.927,29.396,21.3,894.04
2020-09-18,14.272,43.856,30.475,42.347,29.691,21.8,900.95
2020-09-21,14.5,44.1,31.733,42.768,29.764,22.3,907.94
2020-09-22,14.5,43.937,32.12,42.698,29.764,22.35,906.19
2020-09-23,14.5,44.827,32.862,44.451,29.506,22.3,912.5
2020-09-24,14.128,44.505,32.636,43.68,29.764,22.45,908.58
2020-09-25,13.984,44.262,32.41,43.469,29.764,22.4,908.27
2020-09-28,13.956,44.262,33.217,43.469,29.691,22.85,912.5
2020-09-29,13.641,43.371,33.378,42.628,29.433,22.55,905.28
2020-09-30,13.755,44.18,33.636,42.698,29.617,22.6,905.21
2020-10-01,13.87,44.422,33.862,43.259,30.796,22.8,914.09
2020-10-02,13.812,43.775,33.539,42.768,29.58,22.55,909.91
2020-10-05,13.784,45.313,33.539,42.908,30.906,22.55,914.68
2020-10-06,14.013,46.931,33.926,42.838,30.723,22.4,915.67
2020-10-07,14.357,50.087,34.7,42.838,30.465,21.8,919.72
2020-10-08,14.099,51.706,35.313,44.03,30.539,21.35,918.84
2020-10-09,14.013,55.104,35.152,44.311,30.943,21.35,924.0
2020-10-12,13.526,56.802,34.668,43.469,30.723,21.2,925.83
2020-10-13,13.698,60.526,34.249,43.82,30.685,21.4,929.86
2020-10-14,13.584,64.733,35.152,44.1,30.28,22.85,940.18
2020-10-15,13.354,65.623,35.281,45.573,30.796,22.85,942.76
2020-10-16,13.526,64.733,34.958,47.746,30.649,22.65,943.3
2020-10-19,13.411,66.351,34.924,47.325,30.649,23.0,943.69
2020-10-20,13.239,67.727,34.924,46.975,30.649,23.9,944.42
2020-10-21,13.211,67.727,34.597,46.975,30.796,23.75,939.03
2020-10-22,13.239,68.779,35.48,47.816,30.833,23.95,949.9
2020-10-23,13.411,69.587,35.97,47.676,30.943,24.0,961.26
2020-10-26,13.125,71.125,35.97,48.377,30.87,23.35,950.8
2020-10-27,12.667,71.125,35.97,48.657,30.87,23.3,946.47
2020-10-28,12.094,69.587,34.335,46.274,30.759,22.4,921.05
2020-10-29,12.15,67.969,33.452,46.835,30.649,21.8,919.08
2020-10-30,11.95,67.969,34.237,48.728,30.87,21.35,925.47
2020-11-02,12.036,68.374,34.793,50.13,30.611,21.4,933.68
2020-11-03,12.609,67.969,35.055,49.779,31.09,22.0,935.41
2020-11-04,12.781,68.131,34.924,50.27,30.87,22.15,939.76
2020-11-05,12.838,71.125,34.924,50.901,30.796,21.8,937.75
2020-11-06,12.752,72.743,34.335,51.392,30.87,21.6,938.29
2020-11-09,12.953,77.355,34.564,51.883,30.98,22.05,951.99
2020-11-10,12.838,77.193,34.662,51.181,31.164,22.1,951.9
2020-11-11,12.896,77.193,35.316,50.41,31.2,22.0,952.22
2020-11-12,13.268,75.332,36.33,51.602,32.785,22.3,959.28
2020-11-13,13.153,72.906,36.33,51.742,32.785,23.0,966.29
2020-11-16,12.667,67.888,35.872,50.55,32.195,22.9,950.79
2020-11-17,12.867,68.779,36.624,51.883,32.527,23.35,968.9
2020-11-18,12.723,67.079,36.167,51.532,32.343,23.35,973.53
2020-11-19,12.953,66.351,36.624,51.883,32.343,23.4,983.26
2020-11-20,13.01,66.351,36.232,51.602,32.785,23.4,990.0
2020-11-23,12.838,67.242,37.017,53.776,33.927,23.6,994.19
2020-11-24,12.838,66.351,36.624,53.215,33.89,23.65,995.76
2020-11-25,12.723,66.593,36.624,53.425,33.816,23.6,999.94
2020-11-26,12.723,67.727,36.886,53.425,34.186,23.6,1005.97
2020-11-27,12.723,67.727,37.769,55.248,35.068,23.7,1010.22
2020-11-30,13.612,66.351,37.932,54.617,35.806,24.1,1003.08
2020-12-01,13.927,67.161,37.932,54.687,35.695,24.5,1008.87
2020-12-02,13.784,67.322,37.278,53.986,35.585,25.1,1014.32
2020-12-03,14.73,67.484,37.507,54.336,34.775,25.0,1019.8
2020-12-04,14.701,69.587,37.246,55.038,34.627,24.8,1021.49
2020-12-07,14.901,69.587,37.377,55.038,34.553,25.05,1029.98
2020-12-08,14.701,69.182,37.442,55.459,34.259,25.0,1029.26
2020-12-09,14.787,69.102,37.605,55.388,34.443,25.75,1039.13
2020-12-10,14.328,67.888,37.213,51.573,34.848,25.3,1030.91
2020-12-11,14.586,68.374,37.377,54.682,34.995,25.65,1045.96
2020-12-14,15.589,68.374,37.834,54.823,35.033,26.2,1064.09
2020-12-15,15.36,68.374,37.704,54.47,34.995,26.15,1055.27
2020-12-16,16.134,68.374,37.769,54.823,34.848,27.95,1066.99
2020-12-17,16.335,68.784,37.115,53.552,34.112,28.35,1051.77
2020-12-18,16.621,68.866,37.605,54.611,34.332,29.2,1067.46
2020-12-21,16.678,68.619,37.998,54.611,34.701,29.4,1081.08
2020-12-22,16.563,67.801,39.208,55.318,35.806,29.2,1083.45
2020-12-23,16.736,67.801,38.619,55.106,35.732,28.7,1078.9
2020-12-24,16.793,67.719,38.161,54.329,35.142,27.95,1067.52
2020-12-25,17.968,67.554,38.75,54.894,35.363,29.55,1084.42
2020-12-28,18.856,67.473,38.358,54.965,35.107,29.7,1091.33
2020-12-29,18.684,68.128,38.325,55.459,35.142,29.75,1099.49
2020-12-30,18.34,68.374,38.358,56.801,35.585,29.9,1097.54
2020-12-31,18.34,72.796,38.881,57.225,36.064,31.5,1103.87
2021-01-04,18.513,72.796,39.437,57.72,37.059,33.0,1120.47
2021-01-05,18.741,73.122,39.862,57.437,36.985,33.05,1132.55
2021-01-06,18.627,72.304,39.666,57.367,36.837,33.2,1143.21
2021-01-07,19.659,75.334,39.502,57.649,37.575,34.6,1156.49
2021-01-08,19.458,76.234,39.829,58.214,37.795,35.7,1167.69
2021-01-11,19.572,77.054,41.268,58.426,37.721,35.25,1184.89
2021-01-12,19.602,76.972,41.268,58.568,39.121,35.1,1192.28
2021-01-13,19.659,76.398,41.268,58.426,39.195,35.15,1186.05
2021-01-14,19.63,75.58,41.824,58.002,39.048,35.75,1187.4
2021-01-15,19.429,76.153,41.791,58.285,39.415,36.85,1194.2
2021-01-18,19.687,77.872,41.333,59.274,39.71,36.2,1191.94
2021-01-19,18.312,74.434,39.24,55.812,38.9,33.9,1131.0
2021-01-20,17.939,74.434,40.156,56.872,39.048,34.5,1134.68
2021-01-21,18.856,74.925,40.875,58.214,39.489,36.2,1164.21
2021-01-22,18.741,76.398,41.595,59.345,39.858,36.3,1166.78
2021-01-25,18.741,79.429,43.164,61.464,40.004,35.8,1166.05
2021-01-26,17.481,78.201,43.164,60.051,39.342,35.0,1136.12
2021-01-27,16.277,75.089,43.655,58.992,38.238,33.5,1097.17
2021-01-28,15.159,69.848,40.614,54.894,35.585,31.2,1023.94
2021-01-29,15.016,70.011,43.393,58.709,37.575,32.0,1056.61
2021-02-01,13.984,67.146,40.45,55.671,36.911,32.2,1035.51
2021-02-02,13.87,68.784,41.856,57.579,39.415,34.0,1075.53
2021-02-03,14.816,72.796,41.693,58.568,39.784,35.0,1111.29
2021-02-04,15.36,73.287,42.02,58.568,39.415,35.0,1112.19
2021-02-05,15.474,73.369,42.674,59.274,39.415,36.3,1126.91
2021-02-08,14.844,70.094,42.02,57.155,39.784,35.0,1083.18
2021-02-09,15.073,72.632,42.347,59.062,41.994,36.0,1114.93
2021-02-17,16.019,75.334,45.127,61.111,43.541,38.4,1155.78
2021-02-18,16.162,77.872,45.617,61.817,43.91,38.9,1174.38
2021-02-19,16.707,77.709,44.996,61.394,43.173,38.7,1173.5
2021-02-22,16.821,77.463,44.8,60.122,41.994,38.6,1175.04
2021-02-23,16.65,75.907,44.538,58.992,41.553,39.8,1177.64
2021-02-24,16.277,74.516,43.753,58.497,41.994,39.1,1162.01
2021-02-25,16.077,73.369,44.374,59.345,41.553,39.1,1165.43
2021-02-26,16.048,73.942,44.146,59.981,41.773,39.25,1168.47
2021-03-01,16.305,74.76,44.08,59.839,41.921,40.2,1186.17
2021-03-02,16.621,74.434,44.407,59.345,41.921,40.3,1186.61
2021-03-03,16.449,74.105,44.538,59.769,42.068,40.35,1186.95
2021-03-04,15.933,72.387,43.426,59.203,40.889,39.05,1168.52
2021-03-05,15.876,73.041,43.23,59.203,40.816,39.2,1168.69
2021-03-08,15.933,71.568,42.772,59.062,41.257,38.85,1168.27
2021-03-09,15.819,70.994,41.889,58.992,40.522,38.95,1161.97
2021-03-10,16.162,71.24,42.674,59.062,40.448,39.3,1170.08
2021-03-11,16.563,71.486,43.328,59.345,40.889,40.15,1181.73
2021-03-12,16.563,71.486,42.87,59.062,40.889,40.05,1181.56
2021-03-15,16.363,72.468,43.393,59.991,40.448,40.1,1184.56
2021-03-16,16.22,72.059,43.557,59.563,39.71,39.85,1179.9
2021-03-17,17.337,72.059,43.426,59.635,39.71,40.3,1186.09
2021-03-18,17.424,73.451,43.688,60.562,39.858,41.95,1200.94
2021-03-19,17.424,72.632,43.491,60.348,41.405,42.0,1194.05
2021-03-22,17.337,72.141,43.132,60.063,41.627,41.3,1194.43
2021-03-23,17.682,70.83,42.837,60.063,40.889,40.45,1183.45
2021-03-24,18.054,69.684,42.478,59.991,39.784,39.3,1161.81
2021-03-25,17.853,70.422,42.118,60.633,39.342,39.35,1163.1
2021-03-26,17.194,70.339,42.51,60.562,39.784,39.4,1162.21
2021-03-29,17.481,70.503,42.543,60.633,40.004,39.55,1175.68
2021-03-30,17.337,72.468,42.314,60.277,39.195,40.05,1186.36
2021-03-31,17.452,75.743,42.412,60.277,38.753,40.4,1191.44
2021-04-01,17.624,75.58,43.917,60.99,39.71,41.0,1216.1
2021-04-02,17.71,75.907,44.08,63.273,39.563,41.25,1224.45
2021-04-05,17.71,76.153,43.851,63.344,39.489,41.5,1236.05
2021-04-06,17.968,75.252,43.59,63.487,39.269,42.2,1239.96
2021-04-07,18.627,76.808,43.982,63.13,39.269,42.2,1242.38
2021-04-08,18.627,76.153,43.818,63.13,38.9,41.95,1234.89
2021-04-09,18.513,75.416,43.59,64.414,39.415,41.6,1231.66
2021-04-12,18.283,75.252,44.113,65.484,39.489,42.15,1252.45
2021-04-13,17.481,77.137,44.113,64.699,39.195,41.6,1248.33
2021-04-14,17.595,82.458,44.276,65.27,38.974,41.8,1255.87
2021-04-15,17.079,81.885,43.72,65.627,38.089,40.9,1247.25
2021-04-16,16.42,81.966,43.818,64.842,37.575,40.45,1238.71
2021-04-19,16.793,87.699,44.93,67.053,38.826,41.6,1260.58
2021-04-20,16.85,86.389,46.598,67.339,38.31,41.15,1268.28
2021-04-22,16.048,80.412,46.598,66.982,37.721,39.7,1227.82
2021-04-23,16.22,81.885,48.233,68.48,38.531,40.5,1248.53
2021-04-26,15.36,77.791,46.598,67.767,37.795,39.45,1215.77
2021-04-27,15.36,80.248,46.402,68.48,37.575,39.5,1219.75
2021-04-28,15.618,81.067,45.781,68.266,37.575,39.95,1229.55
2021-04-29,15.474,80.248,46.075,69.907,39.489,41.0,1239.39
2021-05-04,15.417,78.528,45.584,67.909,38.384,43.4,1242.2
2021-05-05,16.077,78.61,46.075,69.193,38.9,45.95,1256.43
2021-05-06,15.819,78.282,46.435,68.48,40.594,47.1,1250.57
2021-05-07,15.532,77.791,45.846,68.123,41.331,47.05,1241.81
2021-05-10,15.274,83.195,45.159,66.768,41.773,48.1,1259.58
2021-05-11,15.474,83.113,44.963,67.053,40.448,47.0,1256.04
2021-05-12,15.647,85.161,45.617,68.337,40.742,49.25,1269.09
2021-05-13,15.389,84.342,45.781,67.267,40.522,48.0,1261.99
2021-05-14,15.446,88.518,46.598,67.196,41.257,48.65,1266.36
2021-05-17,15.217,85.325,46.271,67.053,40.668,47.85,1258.7
2021-05-18,14.844,86.061,46.336,66.697,40.889,48.35,1252.68
2021-05-19,14.415,88.436,46.336,66.697,40.522,50.1,1262.49
2021-05-20,13.927,93.021,49.051,70.834,43.026,50.2,1278.22
2021-05-21,14.787,91.629,47.546,72.617,42.731,50.8,1283.93
2021-05-24,14.816,91.711,47.743,72.689,43.541,50.9,1297.98
2021-05-25,14.901,93.021,47.743,72.689,43.541,51.6,1308.58
2021-05-26,14.758,93.021,47.383,72.617,43.541,52.8,1316.7
2021-05-27,14.385,90.074,46.565,72.475,43.616,51.4,1303.57
2021-05-28,14.385,92.122,46.663,72.047,43.69,53.0,1320.46
2021-05-31,14.272,90.155,45.29,71.975,42.878,53.7,1328.05
2021-06-01,14.099,87.617,44.636,71.69,41.994,53.1,1337.78
2021-06-02,14.357,86.553,45.388,71.69,41.257,52.8,1340.78
2021-06-03,14.73,85.98,45.454,72.189,42.583,54.8,1364.28
2021-06-04,14.901,87.863,44.963,71.761,42.289,54.6,1374.05
2021-06-07,14.844,85.57,44.505,71.048,41.11,52.4,1358.78
2021-06-08,14.844,85.161,44.473,68.48,41.257,49.5,1319.88
2021-06-09,14.787,85.57,44.603,68.337,40.889,50.8,1332.9
2021-06-10,14.787,84.423,44.244,68.337,40.153,50.1,1323.58
2021-06-11,15.016,86.799,44.8,69.122,40.448,52.6,1351.74
2021-06-14,15.532,87.534,45.159,69.193,40.889,52.7,1361.72
2021-06-15,16.048,87.208,45.094,68.48,41.921,52.3,1367.36
2021-06-16,15.704,85.325,44.8,67.838,41.921,50.7,1356.52
2021-06-17,15.933,84.342,45.454,68.123,44.204,50.2,1359.92
2021-06-18,16.392,87.208,46.108,69.907,43.983,51.0,1377.77
2021-06-21,16.048,89.009,47.677,69.978,42.878,50.4,1372.63
2021-06-22,15.99,88.846,47.743,70.263,42.436,50.9,1379.97
2021-06-23,15.589,87.453,47.089,70.477,41.921,51.1,1376.87
2021-06-24,15.274,87.208,47.089,69.978,41.553,50.9,1379.72
2021-06-25,15.417,87.125,46.99,69.479,41.627,51.6,1390.12
2021-06-28,15.847,89.172,47.579,69.978,42.216,53.6,1405.81
2021-06-29,15.762,88.846,48.07,70.335,42.51,53.5,1410.04
2021-06-30,15.532,91.219,49.705,71.405,42.51,52.7,1408.55
2021-07-01,15.79,93.739,49.41,71.476,42.436,53.3,1417.08
2021-07-02,15.762,94.069,51.274,70.977,41.773,54.3,1420.27
2021-07-05,16.85,92.169,54.446,70.834,40.374,58.0,1411.13
2021-07-06,15.675,90.023,50.686,71.048,38.679,54.0,1354.79
2021-07-07,16.764,95.803,54.217,75.97,39.71,56.6,1388.55
2021-07-08,16.563,98.941,56.408,75.328,39.048,56.6,1374.68
2021-07-09,16.678,96.547,57.716,75.257,38.974,56.6,1347.14
2021-07-12,17.28,99.025,57.749,72.831,38.531,53.5,1296.3
2021-07-13,17.739,94.978,57.226,70.763,38.238,53.9,1297.54
2021-07-14,16.908,95.968,54.446,68.48,37.648,51.0,1279.91
2021-07-15,16.908,94.978,54.642,67.838,37.721,52.1,1293.92
2021-07-16,17.424,99.52,54.969,68.48,38.238,51.6,1299.31
2021-07-19,17.595,98.612,51.176,65.341,37.427,48.0,1243.51
2021-07-20,17.394,101.585,53.825,65.627,38.089,49.5,1273.29
2021-07-21,18.426,100.759,53.432,65.056,38.458,50.3,1270.79
2021-07-22,19.2,101.502,54.021,66.411,38.9,51.1,1293.67
2021-07-23,19.372,98.281,52.877,64.913,37.942,49.5,1268.83
2021-07-26,20.719,100.016,52.419,64.699,38.31,49.0,1272.71
2021-07-27,20.719,103.65,51.667,64.271,38.9,49.75,1276.93
2021-07-28,20.06,102.824,51.372,64.271,38.605,49.7,1277.07
2021-07-29,21.464,105.466,53.236,66.34,38.605,50.6,1293.6
2021-07-30,21.464,110.67,53.661,68.337,40.522,51.1,1310.05
2021-08-02,21.665,112.487,55.558,68.195,39.784,50.8,1314.22
2021-08-03,21.722,113.808,55.558,68.837,40.004,51.8,1332.44
2021-08-04,21.579,112.321,55.591,68.837,39.784,52.0,1334.74
2021-08-05,21.407,111.496,56.572,68.337,39.784,52.5,1345.55
2021-08-06,22.295,111.083,56.081,68.623,39.784,51.8,1341.45
2021-08-09,22.524,116.451,56.833,68.837,41.183,52.5,1359.86
2021-08-10,23.384,114.386,56.866,68.337,41.183,52.3,1362.43
2021-08-11,23.785,112.816,57.226,68.052,41.553,52.3,1357.79
2021-08-12,23.384,110.67,55.591,67.41,41.037,52.0,1353.05
2021-08-13,24.071,110.256,55.918,67.41,41.037,52.2,1357.05
2021-08-16,24.071,110.256,55.623,67.41,41.627,54.0,1370.96
2021-08-17,24.874,109.431,55.558,68.123,41.7,53.3,1363.09
2021-08-18,24.645,111.083,56.408,67.553,44.573,52.8,1360.94
2021-08-19,24.416,112.569,56.408,67.053,44.72,53.0,1374.85
2021-08-20,22.897,110.504,53.629,65.27,45.163,50.5,1329.43
2021-08-23,21.665,104.889,51.699,63.13,42.731,48.75,1298.86
2021-08-24,22.581,106.127,52.484,62.987,42.657,49.0,1298.74
2021-08-25,22.353,111.496,52.811,63.487,42.804,49.15,1309.55
2021-08-26,22.639,110.67,52.975,61.489,45.751,48.3,1301.12
2021-08-27,23.442,112.24,53.792,61.204,47.889,48.05,1313.2
2021-08-30,23.728,109.514,54.419,61.632,47.889,49.2,1328.14
2021-08-31,23.613,111.496,54.615,61.347,48.625,48.5,1331.47
2021-09-01,24.244,110.091,54.222,60.847,48.993,48.3,1334.65
2021-09-06,24.559,108.275,54.615,61.703,48.772,48.95,1346.39
2021-09-07,23.498,107.201,54.271,61.489,47.152,49.65,1341.9
2021-09-08,22.869,105.715,54.812,61.489,47.372,48.8,1333.61
2021-09-09,23.47,108.191,58.502,64.557,48.625,49.3,1343.98
2021-09-10,23.413,107.366,58.502,67.053,48.552,49.3,1345.31
2021-09-13,25.047,107.862,61.504,65.627,47.519,48.95,1341.43
2021-09-14,26.136,111.908,61.258,63.487,47.815,48.5,1339.7
2021-09-15,26.192,119.672,61.307,65.555,47.889,48.4,1345.83
2021-09-16,26.249,123.718,60.815,66.34,47.889,49.1,1345.87
2021-09-17,26.937,120.58,60.52,65.983,49.288,49.75,1352.64
2021-09-20,25.791,118.103,60.52,64.913,48.331,50.7,1350.48
2021-09-21,26.622,118.515,60.913,64.271,48.625,50.4,1339.84
2021-09-22,26.307,121.406,61.848,66.411,50.099,50.5,1350.68
2021-09-23,26.106,119.754,64.948,65.769,49.362,50.2,1352.76
2021-09-24,25.218,117.607,64.21,65.627,48.036,50.6,1351.17
2021-09-27,25.218,111.496,61.996,64.913,45.678,49.5,1324.99
2021-09-28,25.791,112.321,62.34,66.34,47.519,49.8,1339.31
2021-09-29,26.021,116.451,62.882,66.554,47.962,49.4,1339.21
2021-09-30,27.253,117.773,62.882,70.406,48.036,49.6,1342.06
2021-10-01,27.253,115.625,62.094,70.62,48.552,49.0,1334.89
2021-10-04,26.937,116.616,62.094,70.477,51.425,48.35,1339.54
2021-10-05,26.909,116.616,62.39,69.193,51.425,49.1,1354.63
2021-10-06,27.253,117.441,63.128,69.978,52.899,50.3,1362.82
2021-10-07,27.797,117.028,62.98,69.193,52.53,50.0,1365.99
2021-10-08,27.511,120.167,63.374,70.977,51.94,50.7,1372.73
2021-10-11,27.11,121.406,63.718,72.76,51.94,53.0,1394.09
2021-10-12,27.253,120.167,64.997,71.333,53.34,53.0,1394.8
2021-10-13,26.88,118.185,65.883,72.047,53.782,52.4,1391.91
2021-10-14,26.937,117.36,65.686,72.047,53.782,52.5,1391.85
2021-10-15,27.338,116.451,65.145,71.69,53.782,52.6,1392.7
2021-10-18,27.052,118.103,64.308,70.62,54.519,52.9,1395.53
2021-10-19,26.909,116.451,63.816,69.907,55.108,52.7,1395.33
2021-10-20,26.364,118.185,63.57,70.62,55.182,53.2,1393.8
2021-10-21,27.167,115.791,62.488,69.907,55.182,52.9,1384.77
2021-10-22,27.338,115.708,62.783,70.62,55.993,52.3,1389.24
2021-10-25,27.11,115.955,63.177,70.691,55.993,50.9,1385.4
2021-10-26,27.425,115.295,62.98,70.121,55.403,51.0,1391.63
2021-10-27,29.288,121.241,64.948,72.689,55.993,51.5,1423.02
2021-10-28,29.746,125.288,64.948,72.475,55.993,51.8,1438.01
2021-10-29,29.861,124.628,64.653,74.187,55.108,51.6,1444.27
2021-11-01,31.466,120.167,63.964,72.118,53.045,51.6,1438.97
2021-11-02,32.325,120.167,63.423,74.9,53.266,51.6,1452.46
2021-11-03,30.147,120.167,63.374,74.543,53.266,53.7,1444.3
2021-11-04,31.178,122.15,63.915,74.187,52.161,53.3,1448.34
2021-11-05,31.809,122.067,64.948,77.04,52.383,53.0,1456.51
2021-11-08,31.408,125.536,64.751,77.04,53.045,52.6,1467.57
2021-11-09,31.064,122.067,63.964,75.613,53.045,52.3,1461.5
2021-11-10,31.408,121.985,64.702,73.473,52.161,51.7,1465.02
2021-11-11,31.236,121.324,66.424,74.543,52.161,51.5,1462.35
2021-11-12,33.414,123.554,66.916,78.395,53.782,52.5,1473.37
2021-11-15,33.93,127.188,68.589,79.037,53.119,52.0,1476.57
2021-11-16,33.242,125.536,67.851,77.04,52.899,52.0,1466.45
2021-11-17,34.846,124.297,67.851,75.899,52.899,52.2,1475.85
2021-11-18,34.675,122.232,68.392,75.756,51.572,51.5,1469.83
2021-11-19,33.815,121.737,68.392,72.974,49.436,52.3,1452.35
2021-11-22,32.039,123.802,68.195,74.187,47.519,53.1,1447.25
2021-11-23,33.815,129.253,70.36,75.399,49.141,52.6,1463.63
2021-11-24,33.758,129.665,70.852,75.399,49.804,55.5,1488.87
2021-11-25,34.044,130.078,71.344,74.258,49.288,54.9,1500.81
2021-11-26,33.356,130.078,69.622,72.403,49.362,54.0,1493.03
2021-11-29,32.841,125.949,67.654,69.978,50.835,52.3,1484.84
2021-11-30,33.242,123.223,68.343,69.835,51.94,51.8,1478.44
2021-12-01,35.248,123.802,68.343,69.407,51.499,52.4,1485.19
2021-12-02,36.108,125.536,67.408,69.479,50.835,51.7,1482.05
2021-12-03,35.534,124.71,65.686,67.053,49.73,50.2,1443.32
2021-12-06,34.388,124.71,64.653,65.056,47.962,49.0,1413.58
2021-12-07,35.592,125.453,65.686,66.911,49.73,50.0,1446.77
2021-12-08,36.853,124.792,65.883,68.908,49.509,50.0,1452.87
2021-12-09,39.432,127.188,65.932,70.702,49.73,50.4,1467.98
2021-12-10,41.152,126.94,65.981,69.84,50.172,50.2,1463.54
2021-12-13,43.387,128.839,66.375,70.702,51.13,50.0,1476.21
2021-12-14,43.845,129.665,66.621,69.051,50.615,50.1,1476.02
2021-12-15,44.131,133.182,66.867,68.907,48.625,50.2,1475.5
2021-12-16,43.673,132.355,65.735,67.256,49.509,49.85,1476.61
2021-12-17,46.711,130.287,66.178,68.548,49.804,49.85,1479.79
2021-12-20,49.977,134.01,65.44,67.615,49.436,49.5,1477.33
2021-12-21,49.691,137.815,65.44,68.046,50.835,49.25,1478.74
2021-12-22,50.15,140.627,66.326,67.831,50.835,48.9,1477.67
2021-12-23,50.437,141.454,65.735,67.256,51.572,47.35,1456.96
2021-12-24,53.932,141.454,66.227,67.974,52.899,48.9,1477.03
2021-12-27,56.168,139.8,66.375,68.907,52.972,48.85,1488.88
2021-12-28,57.887,141.868,66.818,68.62,52.972,49.15,1494.39
2021-12-29,59.607,142.282,66.129,66.897,51.793,49.1,1485.82
2021-12-30,59.893,141.868,66.08,66.395,51.499,49.3,1485.97
2021-12-31,57.429,141.454,66.867,69.051,50.909,50.0,1498.28
2022-01-04,54.448,140.627,67.802,69.266,51.572,50.9,1525.58
2022-01-05,53.875,133.182,67.457,68.261,52.309,50.5,1522.5
2022-01-06,50.15,127.226,67.654,67.902,51.499,49.9,1528.57
2022-01-07,50.895,127.391,66.67,67.4,51.056,49.45,1528.48
2022-01-10,49.175,126.564,65.44,66.897,50.172,48.65,1503.71
2022-01-11,45.736,119.864,64.85,67.543,48.625,48.45,1492.31
2022-01-12,46.195,119.864,66.916,66.539,48.698,50.4,1510.51
2022-01-13,47.571,119.781,66.67,67.543,48.698,50.5,1496.05
2022-01-14,50.437,119.781,65.932,67.4,48.92,49.75,1496.02
2022-01-17,46.94,117.465,63.964,67.113,47.152,48.6,1452.84
2022-01-18,44.705,117.548,64.013,66.969,47.152,48.75,1438.94
2022-01-19,47.341,122.015,65.686,67.185,47.593,48.85,1442.79
2022-01-20,47.571,123.42,65.932,67.759,47.889,48.85,1465.3
2022-01-21,47.571,124.909,65.539,68.548,48.331,49.8,1472.89
2022-01-24,45.679,118.292,63.915,69.553,46.415,50.3,1439.71
2022-01-25,46.195,126.564,64.456,69.625,47.372,51.9,1479.58
2022-01-26,46.195,121.601,64.899,72.496,47.815,52.4,1481.58
2022-01-27,47.571,117.465,64.702,72.496,49.656,51.9,1470.76
2022-01-28,50.264,118.292,65.194,74.649,50.835,52.8,1478.96
2022-02-07,53.76,122.345,65.883,77.018,50.541,52.8,1497.66
2022-02-08,53.875,120.36,67.064,75.367,51.13,53.8,1500.99
2022-02-09,54.906,121.27,67.408,74.147,51.351,53.6,1505.38
2022-02-10,55.594,123.752,67.064,74.147,50.245,53.6,1506.79
2022-02-11,56.741,123.917,66.572,75.224,50.319,53.7,1501.71
2022-02-14,56.225,125.406,64.948,75.08,49.73,51.5,1471.96
2022-02-15,56.282,132.769,65.588,75.726,50.319,51.8,1492.75
2022-02-16,53.99,130.783,65.391,76.3,53.266,51.6,1492.1
2022-02-17,54.906,134.836,66.178,77.449,52.677,52.2,1507.99
2022-02-18,58.747,135.085,65.932,76.803,53.414,51.6,1504.84
2022-02-21,62.186,132.603,65.883,76.444,53.34,51.5,1510.84
2022-02-22,66.484,130.287,67.753,78.956,52.751,51.4,1503.47
2022-02-23,66.828,130.039,67.802,78.669,54.887,51.7,1512.3
2022-02-24,71.471,131.941,67.31,78.238,54.15,50.5,1494.85
2022-02-25,71.642,130.7,67.703,77.377,54.519,50.7,1498.89
2022-02-28,70.095,129.046,66.916,73.932,55.698,50.4,1490.13
2022-03-01,71.069,129.459,66.916,75.367,55.034,50.3,1498.78
2022-03-02,72.788,129.873,66.178,74.219,54.519,49.2,1485.52
2022-03-03,73.018,131.61,67.162,74.649,55.772,49.65,1505.0
2022-03-04,74.508,133.43,66.818,76.229,55.182,49.95,1505.33
2022-03-07,74.508,130.866,66.031,77.957,54.372,49.25,1499.05
2022-03-08,69.293,131.362,66.031,76.514,53.414,49.0,1473.71
2022-03-09,68.72,128.632,65.834,79.762,52.383,49.1,1473.74
2022-03-10,73.476,124.083,65.686,78.174,52.825,49.25,1479.08
2022-03-11,73.763,117.878,65.44,75.431,53.193,48.9,1466.54
2022-03-14,71.528,112.584,64.8,71.1,53.708,48.5,1446.25
2022-03-15,73.076,116.721,64.653,74.276,53.045,48.6,1452.74
2022-03-16,78.176,116.224,64.653,74.204,52.455,49.05,1459.33
2022-03-17,83.563,114.156,64.358,74.348,52.899,49.0,1461.34
2022-03-18,82.99,113.08,64.751,74.709,52.899,49.2,1469.1
2022-03-21,84.309,119.947,66.375,76.225,53.045,49.45,1494.95
2022-03-22,81.959,122.842,66.523,77.235,54.593,49.9,1503.78
2022-03-23,85.398,121.601,66.424,75.864,54.887,49.6,1502.34
2022-03-24,85.971,121.27,65.932,77.235,58.719,49.3,1498.26
2022-03-25,89.123,121.104,68.343,78.102,58.202,49.25,1498.5
2022-03-28,88.55,120.442,70.852,78.102,58.866,48.8,1483.18
2022-03-29,89.409,119.119,72.083,79.762,59.308,48.9,1497.76
2022-03-30,89.409,119.119,71.049,78.174,59.97,49.15,1490.51
2022-03-31,86.028,117.63,71.738,79.762,60.192,49.55,1492.15
2022-04-01,87.231,121.187,76.757,84.598,61.96,50.3,1516.44
2022-04-04,87.69,124.083,76.265,84.165,60.782,49.65,1524.7
2022-04-05,87.977,125.406,76.363,85.031,60.413,49.05,1520.03
2022-04-06,89.639,127.226,78.135,85.248,62.402,49.9,1522.9
2022-04-07,87.117,124.909,76.265,83.082,59.676,49.3,1502.35
2022-04-08,84.652,122.842,73.805,82.649,60.266,48.85,1482.0
2022-04-12,83.105,124.485,75.133,81.133,58.276,48.0,1455.25
2022-04-13,88.836,125.974,76.855,83.732,59.75,48.0,1477.2
2022-04-14,94.74,124.782,78.479,84.454,60.413,47.3,1472.12
2022-04-15,94.281,124.088,78.823,84.526,64.096,45.6,1458.56
2022-04-18,92.562,123.095,78.823,89.145,65.276,44.85,1432.6
2022-04-19,97.319,119.62,76.757,85.825,63.041,43.7,1406.45
2022-04-20,96.345,123.393,76.757,85.825,59.613,43.05,1384.72
2022-04-21,95.141,122.102,76.511,85.897,60.209,43.6,1370.21
2022-04-22,88.492,122.4,76.658,83.01,57.079,44.1,1379.23
2022-04-25,82.303,115.153,71.295,77.235,53.13,41.05,1310.92
2022-04-26,83.105,115.153,73.214,77.524,55.067,41.5,1341.34
2022-04-27,83.678,118.131,72.427,77.235,55.141,41.6,1353.77
2022-04-28,85.569,115.65,71.344,76.658,58.942,42.3,1350.99
2022-04-29,89.696,115.153,73.411,77.957,61.402,44.0,1366.8
2022-05-04,90.384,112.274,73.559,78.174,61.849,42.0,1348.68
2022-05-05,87.404,118.131,73.509,79.401,61.252,42.6,1360.68
2022-05-06,81.328,116.146,72.132,76.874,64.084,41.5,1329.26
2022-05-09,75.654,114.061,67.113,71.533,60.359,38.6,1269.62
2022-05-10,70.496,115.252,68.934,74.348,64.531,38.7,1293.56
2022-05-11,72.33,111.083,69.376,77.235,69.002,39.0,1301.53
2022-05-12,67.286,103.34,66.129,72.977,64.829,36.3,1238.84
2022-05-13,62.587,96.193,61.553,70.378,60.359,33.8,1182.77
2022-05-16,58.231,89.542,60.52,70.739,56.186,32.6,1171.95
2022-05-17,62.301,95.796,64.751,74.42,60.069,34.85,1228.37
2022-05-18,65.051,102.447,65.686,73.698,62.554,36.05,1240.76
2022-05-19,63.045,109.594,65.44,73.698,65.553,35.8,1241.64
2022-05-20,62.186,107.013,65.932,76.514,65.296,35.7,1240.71
2022-05-23,63.905,103.737,64.358,75.431,62.983,34.85,1218.81
2022-05-24,65.28,108.204,65.44,77.885,64.268,35.25,1233.38
2022-05-25,69.809,109.693,68.392,83.299,68.724,36.5,1268.43
2022-05-26,71.356,107.807,68.392,82.505,71.809,36.7,1268.57
2022-05-27,76.113,109.197,72.181,88.279,76.779,37.45,1285.45
2022-05-30,74.966,109.197,71.443,86.98,81.148,37.75,1293.92
2022-05-31,71.011,111.579,71.295,82.938,77.55,37.15,1292.68
2022-06-01,75.367,114.161,71.59,84.67,81.835,36.85,1299.52
2022-06-02,77.947,113.466,72.673,88.929,79.178,36.4,1288.62
2022-06-03,78.061,111.977,75.379,88.929,79.692,36.45,1287.98
2022-06-06,77.545,116.146,76.117,90.228,78.664,36.05,1290.01
2022-06-07,82.925,117.039,75.773,92.394,82.262,36.2,1291.35
2022-06-08,88.62,118.429,75.971,92.394,84.234,37.25,1307.91
2022-06-09,86.635,117.635,75.674,92.755,82.949,37.4,1307.8
2022-06-10,85.427,116.146,74.288,87.124,77.207,37.95,1284.08
2022-06-13,79.473,108.204,69.335,81.061,74.122,36.0,1227.04
2022-06-14,77.661,105.524,71.068,83.732,77.55,35.75,1230.31
2022-06-15,78.869,105.226,73.148,85.175,77.807,35.7,1213.93
2022-06-16,84.305,109.892,78.25,87.918,82.949,36.05,1236.63
2022-06-17,88.016,116.146,76.962,88.063,84.834,34.5,1217.3
2022-06-20,83.701,110.19,73.198,85.175,78.921,33.0,1180.4
2022-06-21,77.92,110.19,72.802,86.475,73.437,33.0,1172.47
2022-06-22,72.484,105.226,69.137,83.732,68.381,34.8,1169.27
2022-06-23,77.488,109.197,71.811,87.435,73.094,35.95,1188.88
2022-06-24,78.265,108.701,71.217,88.523,73.522,35.5,1185.48
2022-06-27,76.798,112.175,70.821,93.965,73.693,35.55,1202.82
2022-06-28,81.113,113.168,72.108,93.965,75.065,36.7,1218.1
2022-06-29,78.696,113.168,72.307,93.965,74.037,36.75,1218.09
2022-06-30,78.696,111.182,70.821,93.239,73.865,35.55,1197.6
2022-07-01,76.626,108.701,69.632,93.022,73.693,36.0,1198.9
2022-07-04,74.209,107.7,67.156,89.829,72.837,36.35,1195.53
2022-07-05,69.032,102.0,64.878,86.056,67.781,37.75,1181.29
2022-07-06,64.2,100.0,63.392,81.267,63.154,37.6,1149.61
2022-07-07,67.738,103.0,63.392,84.169,64.61,37.8,1166.48
2022-07-08,68.255,104.9,64.383,84.169,65.896,37.55,1171.31
2022-07-11,64.286,102.5,63.887,83.807,61.697,35.6,1155.29
2022-07-12,67.306,102.0,63.788,84.75,65.039,36.1,1174.82
2022-07-13,65.667,101.0,62.996,83.444,66.324,36.1,1173.92
2022-07-14,65.58,102.5,62.005,83.807,66.41,35.95,1182.17
2022-07-15,63.251,101.2,60.916,82.355,66.753,36.1,1179.25
2022-07-18,62.56,102.6,60.421,82.355,67.867,36.3,1176.49
2022-07-19,60.921,102.0,59.43,80.179,69.58,36.1,1178.33
2022-07-20,65.149,103.0,60.619,82.428,70.695,36.3,1194.14
2022-07-21,68.169,105.5,63.491,82.718,70.009,36.85,1198.47
2022-07-22,66.012,108.5,63.887,83.081,69.324,37.1,1194.76
2022-07-25,66.012,108.6,62.699,82.138,68.21,36.8,1188.5
2022-07-26,66.443,110.0,62.402,81.267,65.382,36.6,1185.07
2022-07-27,67.306,109.9,61.51,81.412,66.496,36.6,1191.04
2022-07-28,66.012,109.9,61.411,81.993,66.582,37.3,1208.12
2022-07-29,62.129,106.1,60.421,82.718,64.439,37.9,1206.33
2022-08-01,63.855,109.4,60.718,84.895,65.124,38.6,1231.35
2022-08-02,62.905,110.0,61.411,84.532,67.352,38.3,1241.62
2022-08-03,62.56,110.0,61.213,84.169,69.58,38.15,1249.76
2022-08-04,64.027,107.9,62.104,84.169,68.552,38.4,1254.15
2022-08-05,64.718,104.5,62.104,83.371,69.409,38.4,1252.74
2022-08-08,69.205,104.8,62.302,84.677,70.266,39.2,1256.75
2022-08-09,69.118,105.2,62.699,84.677,68.895,39.15,1258.85
2022-08-10,67.824,105.8,62.996,84.532,69.066,38.8,1256.5
2022-08-11,68.255,106.8,62.402,82.791,68.724,38.5,1252.07
2022-08-12,73.001,107.2,62.402,82.283,69.066,38.8,1262.33
2022-08-15,75.763,108.5,64.383,83.226,71.637,39.1,1274.2
2022-08-16,74.296,109.0,65.373,83.444,72.152,39.0,1274.69
2022-08-17,73.778,111.3,64.383,83.371,70.952,39.3,1275.28
2022-08-18,73.692,112.0,63.887,83.009,71.038,39.1,1273.66
2022-08-19,74.296,112.0,63.491,82.718,70.009,39.0,1269.18
2022-08-22,76.367,111.8,65.868,83.299,71.294,38.7,1260.43
2022-08-23,76.798,112.6,66.264,83.081,72.408,38.8,1270.81
2022-08-24,76.194,111.9,66.165,85.04,72.837,39.25,1277.16
2022-08-25,76.884,112.8,67.75,84.605,73.008,39.55,1288.88
2022-08-26,76.798,112.2,71.514,85.476,71.552,39.5,1282.57
2022-08-29,76.453,112.2,73.297,84.532,71.98,38.75,1270.8
2022-08-30,76.798,113.7,72.604,83.009,72.237,38.75,1279.39
2022-08-31,78.524,114.5,73.297,83.299,73.779,38.95,1280.51
2022-09-05,79.214,115.5,71.811,82.936,74.122,38.6,1277.35
2022-09-06,78.351,115.0,72.207,82.718,73.951,38.65,1277.4
2022-09-07,73.347,112.0,70.028,80.541,71.123,37.55,1243.17
2022-09-08,74.382,115.0,70.821,81.63,69.666,37.4,1234.6
2022-09-09,76.108,116.1,71.316,81.122,72.751,37.65,1248.78
2022-09-12,79.301,115.0,73.297,81.412,72.923,37.5,1249.62
2022-09-13,78.696,114.0,73.396,81.993,73.693,37.3,1248.4
2022-09-14,79.128,112.0,73.0,81.049,73.351,36.8,1240.77
2022-09-15,78.524,112.0,73.198,81.195,73.693,36.6,1245.66
2022-09-16,76.194,112.8,71.316,82.138,72.065,36.0,1234.03
2022-09-19,72.484,112.5,69.83,81.267,70.523,35.05,1205.43
2022-09-20,74.641,113.3,71.019,81.993,71.894,35.05,1218.93
2022-09-21,73.174,112.0,69.335,82.646,71.809,34.5,1210.55
2022-09-22,74.813,110.0,69.434,82.718,72.323,34.55,1214.7
2022-09-23,73.692,108.6,68.741,82.646,71.637,34.2,1203.28
2022-09-26,68.601,107.7,67.354,80.614,67.267,33.25,1174.35
2022-09-27,67.91,107.7,66.463,80.614,67.61,33.5,1166.54
2022-09-28,63.164,102.1,64.383,80.541,64.354,33.25,1143.62
2022-09-29,61.266,100.0,63.392,80.541,64.268,33.0,1126.07
2022-09-30,63.251,99.0,63.392,77.639,65.982,32.5,1132.11
2022-10-03,58.85,94.0,59.034,72.27,62.725,30.25,1086.44
2022-10-04,57.814,90.5,60.421,71.471,62.983,30.3,1078.14
2022-10-05,61.266,91.4,61.609,74.301,66.41,30.5,1104.26
2022-10-06,57.814,86.7,57.449,74.592,63.496,29.3,1074.52
2022-10-07,54.794,81.5,53.487,74.737,62.983,27.25,1035.91
2022-10-10,58.591,80.5,56.558,76.188,65.21,25.8,1042.48
2022-10-11,56.52,79.8,54.874,75.898,64.268,24.0,1006.2
2022-10-12,60.403,81.1,56.954,76.188,65.639,24.8,1034.81
2022-10-13,62.905,78.7,57.053,75.825,65.039,25.3,1050.99
2022-10-14,67.306,79.0,59.331,76.26,66.238,25.7,1061.85
2022-10-17,68.859,79.0,58.34,76.188,68.381,25.1,1051.58
2022-10-18,67.306,82.0,58.44,76.913,68.638,25.3,1063.66
2022-10-19,69.722,80.0,58.44,78.002,68.552,25.2,1060.07
2022-10-20,67.997,80.2,57.845,78.074,69.58,24.6,1058.45
2022-10-21,63.251,74.8,53.883,75.97,67.696,22.9,1019.82
2022-10-24,64.286,72.8,50.119,73.648,65.81,21.3,986.15
2022-10-25,66.443,75.0,51.506,73.721,67.267,21.3,997.7
2022-10-26,65.149,78.0,51.407,75.027,68.038,21.4,993.36
2022-10-27,69.636,83.0,52.794,75.172,69.409,22.85,1028.01
2022-10-28,70.758,83.9,52.695,75.828,68.381,24.4,1027.36
2022-10-31,70.585,85.5,51.11,75.536,67.696,24.6,1027.94
2022-11-01,69.636,86.5,49.624,74.293,65.982,25.65,1033.75
2022-11-02,66.875,81.0,47.544,73.927,64.354,25.2,1023.19
2022-11-03,66.098,85.4,49.03,74.585,64.525,25.85,1019.81
2022-11-04,62.733,84.3,45.613,69.394,60.069,25.5,997.15
2022-11-07,61.438,84.5,42.443,69.832,58.698,23.75,975.19
2022-11-08,63.855,86.0,44.176,70.856,59.812,24.15,981.65
2022-11-09,64.545,87.0,45.068,71.149,59.127,24.35,985.59
2022-11-10,60.058,81.0,41.948,70.929,58.269,22.75,947.24
2022-11-11,59.54,86.5,42.592,71.075,59.298,22.8,954.53
2022-11-14,55.398,89.1,40.264,70.637,58.783,22.2,941.04
2022-11-15,51.601,89.4,37.49,68.809,54.671,20.7,911.9
2022-11-16,55.139,90.9,40.066,70.929,57.755,22.1,942.9
2022-11-17,56.434,97.0,41.403,73.123,58.783,22.95,969.26
2022-11-18,56.261,95.2,41.75,73.196,59.127,22.7,969.33
2022-11-21,54.104,95.1,40.264,74.659,59.555,22.25,960.65
2022-11-22,54.708,91.8,39.818,75.317,59.983,21.85,952.12
2022-11-23,53.586,92.9,40.115,77.291,60.155,22.0,946.0
2022-11-24,49.876,89.0,37.342,77.51,59.812,22.15,947.71
2022-11-25,50.911,94.0,37.441,77.657,60.326,23.0,971.46
2022-11-28,54.449,97.2,39.769,79.704,62.126,24.6,1005.69
2022-11-29,57.297,99.0,42.393,82.483,62.469,25.2,1032.16
2022-11-30,61.266,102.0,43.681,82.995,63.411,25.9,1048.42
2022-12-01,58.677,99.0,43.632,81.898,63.839,27.4,1036.28
2022-12-02,60.403,103.9,46.554,84.091,66.838,28.8,1080.01
2022-12-05,60.662,105.0,47.148,84.018,68.038,29.0,1093.67
2022-12-06,59.368,102.0,43.929,81.24,66.838,27.05,1048.69
2022-12-07,60.403,100.0,44.424,79.485,66.324,26.4,1041.02
2022-12-08,62.905,96.0,45.563,81.166,66.324,28.2,1050.53
2022-12-09,63.509,97.0,45.761,81.825,68.552,28.25,1051.81
2022-12-12,63.855,97.0,45.464,81.751,68.552,27.2,1032.07
2022-12-13,64.718,97.0,45.959,82.263,67.696,28.8,1047.45
2022-12-14,64.286,96.0,46.009,82.629,66.667,28.8,1050.43
2022-12-15,64.631,98.2,46.554,82.629,66.153,29.5,1055.32
2022-12-16,64.459,93.5,47.395,82.556,67.696,29.15,1052.48
2022-12-19,63.423,95.0,46.702,81.898,66.067,29.25,1038.4
2022-12-20,62.129,94.0,46.058,80.801,64.61,27.7,1023.13
2022-12-21,62.129,94.9,45.959,80.143,62.983,27.7,1018.88
2022-12-22,61.956,94.4,46.058,79.704,62.983,27.7,1022.61
2022-12-23,61.266,95.0,45.365,79.412,63.325,27.6,1020.34
2022-12-26,57.728,91.5,42.195,78.973,60.241,25.7,985.21
2022-12-27,59.54,91.6,43.384,78.973,61.697,26.3,1004.57
2022-12-28,60.576,93.0,42.592,80.435,61.526,26.15,1015.66
2022-12-29,59.109,94.0,42.492,83.825,61.526,25.95,1009.29
2022-12-30,59.54,93.0,42.492,87.627,61.269,25.85,1007.09
2023-01-03,60.921,96.0,43.532,87.237,62.126,27.45,1043.9
2023-01-04,59.885,99.3,43.087,86.749,62.64,27.3,1046.35
2023-01-05,60.317,99.5,43.186,87.237,63.839,27.65,1055.82
2023-01-06,59.54,95.8,42.74,86.55,63.668,27.7,1051.44
2023-01-09,57.814,96.5,41.601,86.55,62.896,27.75,1054.21
2023-01-10,57.987,95.4,41.799,86.353,61.697,27.45,1053.35
2023-01-11,57.124,96.0,42.146,85.176,62.126,27.65,1055.76
2023-01-12,56.951,93.3,41.7,84.391,62.126,27.85,1056.39
2023-01-13,56.52,95.0,41.651,84.685,61.526,27.8,1060.17
2023-01-16,55.226,94.9,41.502,85.863,60.755,28.1,1066.68
2023-01-17,56.951,97.5,42.641,86.353,59.127,29.0,1088.29
2023-01-18,59.195,99.9,44.523,86.844,59.212,29.1,1098.28
2023-01-19,59.972,102.0,45.167,87.236,59.897,29.1,1108.08
2023-01-27,62.992,103.7,45.464,92.241,62.126,29.05,1117.1
2023-01-30,63.941,102.0,45.761,90.475,62.983,28.7,1102.57
2023-01-31,63.682,101.1,46.058,88.512,63.925,29.4,1111.18
2023-02-01,60.662,95.2,46.653,85.078,62.64,28.2,1075.97
2023-02-02,60.921,96.7,49.426,83.9,62.04,28.0,1077.59
2023-02-03,61.611,96.5,47.346,80.564,60.412,27.1,1077.15
2023-02-06,62.992,96.3,46.702,82.232,62.469,27.95,1089.29
2023-02-07,65.667,94.1,45.266,81.545,62.983,27.4,1065.84
2023-02-08,64.976,93.5,44.077,81.349,62.983,27.85,1072.22
2023-02-09,63.596,91.8,43.582,81.349,62.126,27.3,1064.03
2023-02-10,61.87,91.2,41.7,81.741,61.269,26.95,1055.3
2023-02-13,62.043,92.9,42.096,81.937,60.412,26.6,1043.7
2023-02-14,62.992,92.9,42.096,80.564,60.241,26.85,1038.64
2023-02-15,63.423,93.0,42.344,80.466,60.412,27.4,1048.2
2023-02-16,63.251,92.9,42.889,81.054,60.84,27.9,1058.29
2023-02-17,63.855,91.3,42.839,81.447,61.011,27.8,1059.31
2023-02-20,65.58,94.5,43.879,82.919,62.469,28.6,1086.69
2023-02-21,65.408,93.8,44.077,82.919,62.469,28.4,1082.23
2023-02-22,64.89,91.0,42.592,81.447,61.183,27.5,1054.28
2023-02-23,65.063,87.6,42.592,80.564,59.983,27.95,1053.66
2023-02-24,62.733,85.9,41.7,79.484,59.983,27.25,1039.56
2023-02-27,60.921,79.9,40.115,74.676,58.698,27.0,1021.25
2023-02-28,59.54,82.0,39.62,75.461,58.959,26.5,1024.68
2023-03-01,61.87,80.5,40.412,76.148,59.133,27.3,1040.55
2023-03-02,61.18,79.0,39.917,78.797,59.742,27.2,1037.61
2023-03-03,59.972,76.0,39.026,77.914,58.35,26.8,1024.77
2023-03-06,60.317,74.4,39.026,77.031,58.263,27.2,1027.18
2023-03-07,60.317,78.3,39.323,77.816,58.611,27.1,1037.84
2023-03-08,62.474,80.4,39.026,78.503,59.133,27.3,1049.18
2023-03-09,62.56,80.8,39.62,78.405,59.133,27.8,1055.95
2023-03-10,62.129,83.9,39.372,77.522,59.307,27.15,1053.0
2023-03-13,61.093,84.5,39.026,78.699,59.655,26.75,1052.8
2023-03-14,60.058,83.6,38.233,79.19,59.22,26.3,1040.13
2023-03-15,61.697,84.7,39.62,79.288,59.828,27.2,1062.19
2023-03-16,60.403,83.8,39.026,78.994,59.133,26.75,1047.4
2023-03-17,59.454,83.5,39.026,77.522,59.133,26.65,1045.14
2023-03-20,56.951,81.5,37.738,78.503,58.002,26.25,1023.1
2023-03-21,57.728,80.1,38.134,77.522,58.263,26.35,1032.43
2023-03-22,56.347,80.5,37.589,77.424,58.263,26.2,1040.54
2023-03-23,55.139,79.0,37.441,77.031,58.35,26.2,1045.1
2023-03-24,56.089,78.0,37.589,77.522,58.698,26.45,1046.79
2023-03-27,56.175,76.7,37.738,76.737,59.133,26.5,1052.25
2023-03-28,56.002,77.6,38.729,76.344,59.133,27.55,1054.29
2023-03-29,54.622,78.8,38.332,75.559,58.437,28.0,1056.33
2023-03-30,53.241,79.2,38.233,76.246,58.524,27.7,1059.44
2023-03-31,52.637,77.8,38.184,76.246,58.785,28.35,1064.64
2023-04-03,53.068,76.8,38.63,75.363,59.22,29.3,1079.28
2023-04-04,56.089,78.4,39.422,75.167,60.698,29.5,1078.45
2023-04-05,55.743,78.4,39.372,75.853,60.959,29.5,1080.86
2023-04-06,55.226,77.0,38.729,75.363,60.263,29.6,1070.91
2023-04-07,54.708,77.6,38.63,75.068,60.35,29.55,1069.71
2023-04-10,56.951,77.2,40.611,75.755,60.872,30.2,1065.35
2023-04-11,56.52,77.9,40.313,77.129,59.828,30.4,1069.46
2023-04-12,56.089,79.5,40.363,76.442,60.698,30.7,1069.45
2023-04-13,57.555,79.2,40.66,75.559,60.002,30.2,1064.3
2023-04-14,56.089,78.1,39.62,76.148,59.133,28.9,1052.89
2023-04-17,56.52,78.1,39.471,76.639,58.959,29.45,1053.81
2023-04-18,56.951,78.2,39.57,76.737,59.133,29.15,1055.02
2023-04-19,58.332,78.7,40.115,76.54,58.785,29.0,1048.98
2023-04-20,57.555,78.0,40.016,75.853,58.785,28.85,1049.25
2023-04-21,56.606,76.4,38.927,75.559,58.002,28.7,1042.91
2023-04-24,55.053,73.3,38.035,75.068,56.959,29.5,1041.36
2023-04-25,54.363,71.3,37.342,74.087,56.524,29.0,1034.85
2023-04-26,55.312,71.4,38.035,74.185,55.741,30.0,1040.8
2023-04-27,54.967,72.3,38.283,74.283,56.002,29.9,1039.63
2023-04-28,55.053,73.1,38.828,75.559,57.828,29.5,1049.12
2023-05-04,55.312,70.6,37.54,74.676,58.089,29.05,1040.61
2023-05-05,55.226,73.0,37.441,74.774,57.568,28.7,1040.31
2023-05-08,54.794,74.1,37.49,74.48,58.089,29.4,1053.44
2023-05-09,54.794,73.6,37.589,74.185,57.828,29.3,1053.77
2023-05-10,55.226,73.6,38.63,73.793,57.741,29.3,1058.26
2023-05-11,55.484,73.8,38.332,73.597,57.828,29.1,1057.12
2023-05-12,55.312,74.4,38.63,73.597,57.481,29.3,1066.9
2023-05-15,54.967,74.1,38.53,73.793,58.35,29.9,1065.71
2023-05-16,54.535,73.3,38.085,73.106,58.698,29.8,1065.91
2023-05-17,53.5,73.1,37.788,73.204,58.002,29.25,1060.44
2023-05-18,53.931,73.2,37.738,72.125,58.002,29.55,1068.31
2023-05-19,53.759,72.4,37.936,71.143,58.7,29.65,1067.07
2023-05-22,54.363,72.0,38.184,70.751,60.6,30.5,1070.64
2023-05-23,54.104,70.4,37.887,70.849,62.6,30.35,1065.85
2023-05-24,54.19,71.8,37.589,70.162,61.6,29.8,1061.79
2023-05-25,54.19,72.0,37.639,69.868,61.0,29.8,1064.63
2023-05-26,54.363,72.0,37.837,70.653,61.5,29.9,1063.76
2023-05-29,54.535,71.6,38.332,70.064,61.5,30.2,1074.98
2023-05-30,56.002,72.8,39.026,69.77,61.2,30.2,1078.05
2023-05-31,54.967,72.0,38.828,69.573,61.5,29.95,1075.17
2023-06-01,56.002,71.8,38.927,68.984,61.3,30.3,1078.39
2023-06-02,56.951,72.3,40.412,71.634,61.4,32.2,1090.84
2023-06-05,56.606,74.1,40.809,72.321,62.5,31.9,1097.82
2023-06-06,57.3,73.6,41.403,71.438,63.1,32.7,1108.31
2023-06-07,57.5,75.5,41.403,71.241,63.1,32.6,1109.54
2023-06-08,57.2,74.4,40.264,70.849,62.0,31.75,1101.32
2023-06-09,58.1,76.5,41.007,71.244,61.9,32.4,1107.53
2023-06-12,62.1,78.4,42.592,71.739,62.1,32.7,1116.02
2023-06-13,61.9,78.8,42.592,72.53,62.8,32.8,1122.46
2023-06-14,61.7,78.0,41.651,72.036,62.3,32.6,1117.42
2023-06-15,62.5,77.1,41.304,72.53,61.8,32.65,1116.97
2023-06-16,62.0,76.6,40.957,72.036,62.4,32.55,1115.22
2023-06-19,62.8,74.5,41.106,71.541,63.3,32.1,1105.4
2023-06-20,64.2,75.2,42.096,71.541,63.5,32.15,1111.72
2023-06-21,66.7,76.1,42.294,72.036,63.3,32.5,1118.46
2023-06-22,66.5,76.3,42.641,73.718,63.2,32.6,1125.3
2023-06-23,67.8,77.3,42.492,75.004,62.9,32.9,1129.38
2023-06-26,69.0,77.7,43.929,75.598,62.5,33.3,1132.03
2023-06-27,68.6,77.7,43.78,74.707,62.8,32.95,1134.33
2023-06-28,68.0,77.0,43.483,74.015,65.2,33.3,1138.35
2023-06-29,67.0,75.4,42.294,74.213,63.8,32.65,1125.39
2023-06-30,71.6,75.2,42.889,74.213,65.2,32.35,1120.18
2023-07-03,71.2,75.4,42.592,73.223,65.2,32.0,1125.5
2023-07-04,72.8,75.6,42.839,73.223,65.4,32.0,1132.0
2023-07-05,75.0,75.8,42.938,72.926,65.6,31.95,1134.62
2023-07-06,74.5,76.0,42.79,71.838,65.1,31.55,1126.22
2023-07-07,75.2,75.2,45.068,71.046,65.2,31.55,1138.07
2023-07-10,75.5,77.9,47.296,72.926,65.7,32.0,1149.02
2023-07-11,76.8,79.2,48.336,73.718,65.9,31.95,1151.77
2023-07-12,76.0,79.5,48.683,73.025,65.0,31.65,1154.2
2023-07-13,76.4,81.8,48.881,77.181,66.0,31.95,1165.42
2023-07-14,77.2,81.8,48.98,77.676,66.0,31.95,1168.4
2023-07-17,79.3,80.7,48.188,79.457,65.3,31.9,1173.13
2023-07-18,78.0,80.5,47.594,78.863,65.3,32.3,1174.09
2023-07-19,77.0,80.8,48.039,77.775,65.0,32.3,1172.98
2023-07-20,76.5,79.5,48.634,78.072,64.6,31.9,1172.81
2023-07-21,77.2,83.0,52.001,79.16,65.4,32.3,1185.9
2023-07-24,77.0,84.0,53.982,78.467,64.8,32.45,1190.72
2023-07-25,76.7,83.4,53.091,79.655,65.3,33.5,1195.9
2023-07-26,76.5,84.6,52.1,80.941,67.9,33.45,1200.84
2023-07-27,78.0,84.2,54.1,80.051,67.1,33.1,1197.33
2023-07-28,78.3,86.1,54.5,81.733,68.0,33.8,1207.67
2023-07-31,76.4,87.3,53.7,82.129,67.0,34.3,1222.9
2023-08-01,76.2,86.7,51.7,80.15,65.5,34.0,1217.56
2023-08-02,76.4,85.2,51.7,80.644,64.9,33.9,1220.43
2023-08-03,79.0,86.1,52.7,80.446,64.9,33.5,1210.95
2023-08-04,79.0,86.3,53.0,79.952,64.0,33.6,1225.98
2023-08-07,81.0,88.2,53.8,81.337,64.9,34.35,1241.42
2023-08-08,79.1,89.2,53.6,80.545,64.9,34.0,1242.23
2023-08-09,77.5,88.0,52.6,79.457,64.2,34.0,1233.99
2023-08-10,74.0,83.0,52.0,78.171,62.9,33.5,1220.61
2023-08-11,75.0,84.5,53.3,78.566,63.2,33.65,1232.21
2023-08-14,74.2,82.2,54.2,78.566,63.5,33.8,1236.84
2023-08-15,74.3,82.4,54.0,78.171,63.3,34.05,1234.05
2023-08-16,73.2,81.8,53.8,79.358,63.1,35.3,1243.26
2023-08-17,71.6,82.1,53.9,79.358,62.7,34.7,1233.48
2023-08-18,68.2,79.0,50.2,77.676,60.5,32.5,1177.99
2023-08-21,72.7,78.4,49.0,78.171,61.0,32.75,1179.76
2023-08-22,74.8,77.7,50.0,77.676,61.1,33.1,1180.49
2023-08-23,74.0,77.5,49.7,76.686,61.1,33.2,1172.56
2023-08-24,77.0,80.0,50.3,77.181,61.5,33.8,1189.39
2023-08-25,77.0,79.7,50.5,77.478,61.5,33.65,1183.37
2023-08-28,80.8,80.7,51.7,78.665,63.0,34.0,1201.72
2023-08-29,81.0,80.0,52.9,79.556,62.8,33.9,1204.43
2023-08-30,83.3,79.6,53.8,79.853,63.0,34.0,1213.16
2023-08-31,83.5,81.5,53.8,79.655,62.8,34.5,1224.05
2023-09-05,82.6,81.5,54.3,79.655,63.8,35.0,1234.98
2023-09-06,84.8,82.7,55.0,80.248,64.1,35.2,1245.5
2023-09-07,84.2,82.0,55.0,83.316,63.6,35.75,1243.14
2023-09-08,86.0,81.8,55.5,83.118,64.0,35.35,1241.48
2023-09-11,85.0,79.6,54.5,82.722,63.6,34.55,1223.63
2023-09-12,86.5,81.0,55.8,82.722,63.4,35.3,1245.44
2023-09-13,84.4,80.1,57.5,82.425,63.4,35.0,1238.39
2023-09-14,84.4,78.6,57.3,80.347,62.9,34.9,1223.81
2023-09-15,86.0,79.7,55.9,80.545,63.0,34.9,1227.36
2023-09-18,86.5,78.5,55.0,80.644,62.5,34.1,1211.81
2023-09-19,87.0,79.0,55.5,80.347,63.5,33.9,1211.5
2023-09-20,89.2,79.7,55.8,81.832,64.3,34.35,1226.11
2023-09-21,88.5,78.8,54.2,81.733,65.5,34.3,1212.74
2023-09-22,89.0,75.4,52.1,80.15,63.5,34.0,1193.05
2023-09-25,86.5,70.3,51.0,78.962,61.8,32.8,1153.2
2023-09-26,83.9,73.0,51.5,77.676,61.9,32.4,1137.96
2023-09-27,85.0,76.0,52.0,78.269,62.9,32.6,1153.85
2023-09-28,85.2,76.5,53.0,77.676,63.5,33.65,1152.43
2023-09-29,89.0,76.3,52.6,77.973,63.2,33.65,1154.15
2023-10-02,90.0,77.4,51.9,78.072,63.5,33.15,1155.25
2023-10-03,89.0,74.0,49.0,76.686,62.0,32.5,1118.1
2023-10-04,95.2,73.5,49.2,76.785,62.8,32.25,1128.67
2023-10-05,94.4,72.8,47.0,76.983,62.0,31.8,1113.89
2023-10-06,97.5,72.7,48.3,77.181,62.2,32.05,1128.54
2023-10-09,96.0,73.5,47.95,79.16,61.9,32.1,1137.36
2023-10-10,95.1,73.2,48.85,78.665,62.6,32.5,1143.69
2023-10-11,96.0,73.8,49.3,79.457,62.6,32.6,1150.81
2023-10-12,96.0,73.1,48.4,79.16,62.9,32.5,1151.61
2023-10-13,97.4,72.7,49.5,78.962,62.8,32.2,1154.73
2023-10-16,97.0,71.6,48.6,79.061,62.2,31.8,1141.42
2023-10-17,94.5,71.0,46.3,78.269,61.6,31.75,1121.65
2023-10-18,95.0,68.3,44.7,76.192,60.4,31.25,1103.4
2023-10-19,94.0,66.4,43.0,75.103,59.6,30.65,1087.85
2023-10-20,94.7,69.0,44.7,75.4,60.4,31.1,1108.03
2023-10-23,92.9,66.0,43.0,74.3,59.2,30.9,1093.53
2023-10-24,93.9,66.9,43.0,74.8,59.6,31.35,1105.9
2023-10-25,95.0,66.0,43.5,74.3,59.0,31.2,1101.66
2023-10-26,92.9,61.4,42.0,74.0,56.0,29.8,1055.45
2023-10-27,92.8,57.8,42.0,73.6,55.0,29.55,1060.62
2023-10-30,86.4,58.0,40.5,72.9,54.6,28.1,1042.4
2023-10-31,87.0,58.2,37.7,72.0,52.6,27.7,1028.19
2023-11-01,88.0,59.5,35.1,72.0,52.1,28.2,1039.66
2023-11-02,92.8,62.7,37.0,73.8,54.6,29.35,1075.47
2023-11-03,96.0,63.9,38.95,73.8,53.0,31.0,1076.78
2023-11-06,97.0,64.0,38.05,76.6,55.4,31.0,1089.66
2023-11-07,96.0,62.0,38.2,75.9,55.2,30.6,1080.29
2023-11-08,100.0,63.8,39.6,77.0,57.0,31.8,1113.43
2023-11-09,104.5,62.8,40.3,76.5,57.0,31.5,1113.89
2023-11-10,103.3,61.7,39.4,76.0,57.4,31.05,1101.68
2023-11-13,103.3,62.0,40.0,76.1,57.3,30.9,1100.07
2023-11-14,104.0,62.6,41.5,78.1,57.9,31.5,1109.73
2023-11-15,104.9,65.8,41.9,78.3,58.3,31.55,1122.5
2023-11-16,103.5,66.0,41.5,78.0,57.9,31.7,1125.53
2023-11-17,102.9,64.1,41.4,78.9,58.0,31.15,1101.19
2023-11-20,101.5,63.6,40.55,79.0,57.8,31.0,1103.66
2023-11-21,102.0,64.6,40.9,81.1,57.7,30.8,1110.46
2023-11-22,101.7,64.9,39.8,81.2,57.5,30.95,1113.82
2023-11-23,99.9,63.3,37.3,80.8,57.5,30.4,1088.49
2023-11-24,102.0,61.8,38.55,80.4,57.1,30.05,1095.61
2023-11-27,99.0,60.9,38.0,79.5,56.9,29.3,1088.06
2023-11-28,98.8,61.3,38.0,79.1,57.2,29.95,1095.43
2023-11-29,99.8,62.9,38.8,79.9,57.6,29.9,1102.8
2023-11-30,102.4,60.5,38.5,80.5,57.1,29.5,1094.13
2023-12-01,103.0,61.5,38.75,80.3,57.3,29.75,1102.16
2023-12-04,103.0,62.2,39.95,80.5,58.0,30.2,1120.49
2023-12-05,101.8,61.4,40.0,80.0,59.3,30.05,1115.97
2023-12-06,101.8,62.1,40.95,80.1,58.8,30.4,1126.43
2023-12-07,101.9,63.5,40.85,78.5,58.0,30.85,1121.49
2023-12-08,101.1,66.2,42.6,78.6,59.2,30.95,1124.44
2023-12-11,99.1,67.5,42.5,80.0,58.7,30.85,1125.5
2023-12-12,101.5,66.2,42.5,80.3,59.0,31.05,1127.63
2023-12-13,100.0,65.8,41.7,80.4,57.7,30.5,1114.2
2023-12-14,100.0,65.0,41.6,79.6,57.1,30.55,1110.13
2023-12-15,100.8,63.0,40.75,79.2,56.7,30.6,1102.3
2023-12-18,100.6,62.9,39.6,79.5,56.8,30.05,1091.88
2023-12-19,99.7,62.2,40.65,79.4,56.3,30.6,1096.3
2023-12-20,101.5,63.9,42.4,80.3,56.3,30.35,1100.76
2023-12-21,101.9,63.7,42.65,83.9,56.5,30.65,1102.43
2023-12-22,102.5,63.0,42.35,83.8,55.8,30.6,1103.06
2023-12-25,103.9,66.4,42.65,84.5,56.1,30.95,1117.66
2023-12-26,103.4,66.2,42.7,85.6,55.8,30.8,1122.25
2023-12-27,103.1,67.0,42.85,85.3,56.4,30.85,1121.99
2023-12-28,105.2,67.0,43.05,84.8,56.4,31.5,1128.93
2023-12-29,107.0,67.0,42.8,86.0,56.8,31.8,1129.93
2024-01-02,105.3,68.4,42.45,86.0,57.5,32.1,1131.72
2024-01-03,105.0,68.9,43.2,86.0,57.6,32.6,1144.17
2024-01-04,103.5,68.1,43.2,84.6,57.7,33.1,1150.72
2024-01-05,103.0,67.9,43.85,83.4,57.4,33.2,1154.68
2024-01-08,101.1,66.6,43.2,84.3,56.8,34.1,1160.19
2024-01-09,100.5,66.1,42.7,85.5,56.1,34.5,1158.59
2024-01-10,98.9,66.2,42.25,86.9,55.8,34.4,1161.54
2024-01-11,98.1,66.1,42.45,86.2,55.8,34.15,1162.22
2024-01-12,97.8,64.8,41.9,85.0,55.1,34.65,1154.7
2024-01-15,96.9,65.6,42.9,84.5,55.2,34.3,1154.12
2024-01-16,98.2,67.1,44.3,86.4,55.6,34.15,1163.12
2024-01-17,99.5,66.3,44.9,88.6,56.1,34.05,1162.53
2024-01-18,99.7,66.4,45.85,89.0,55.7,34.4,1169.06
2024-01-19,99.9,67.8,46.05,88.2,56.0,34.95,1181.5
2024-01-22,100.8,67.7,46.15,87.7,56.1,34.95,1182.86
